url,mname,id,name,transactiontype,bonusfixed,amount,minwithdraw,maxwithdraw,rollover,balance,claimconfig,claimcondition,bonus,bonusrandom,reset,mintopup,maxtopup,referlink,perceived_value,is_new
https://aus88win.com,Aus88Win,481100,Special Daily Free,,11.88,11.88,260,20,0.00,,"{""creditLessThan"":0.1,""displayDescriptionOnly"":""1"",""mobileAppOnly"":""1"",""displayAngpaoText"":""1"",""walletId"":1,""changeGameId"":1}",FREE,0.00,,DAILY,,,,1.133868810775502,0
https://betus10.co,BETUS10,218233,<b>Daily Free Credit</b>,,30.00,30.0,700,10,0.00,,"{""creditLessThan"":0.1,""displayDescriptionOnly"":""1"",""ignoreTrxAmount"":1,""changeGameId"":1,""walletId"":1}",FREE,0.00,,DAILY,,,,0.8757891750140593,0
https://betus10.co,BETUS10,218234,<b>Download App Bonus</b>,,20.00,20.0,500,10,0.00,,"{""displayDescriptionOnly"":""1"",""displayAngpaoText"":""1"",""mobileAppOnly"":""1"",""ignoreTrxAmount"":1,""changeGameId"":1,""walletId"":1}",FREE,0.00,,DAILY,,,,0.7824908919849999,0
https://betus10.co,BETUS10,218243,<b>Referred Free</b>,,6,6.0,300,50,0.00,,"{""customBonus"":""sharebonus"",""creditLessThan"":1,""startDate"":""2023-10-25"",""displayDescriptionOnly"":""1"",""displayAngpaoText"":""1"",""changeGameId"":1,""walletId"":1}",CUSTOM,0.00,,,,,,0.49874445335064066,0
https://bigpay77.net,BigPay77,750465,Apps Daily Free,,17.00,17.0,500,10,0.00,,"{""creditLessThan"":1,""displayDescriptionOnly"":""1"",""mobileAppOnly"":""1"",""displayAngpaoText"":""1"",""fixRT"":1,""walletId"":1,""changeGameId"":1}",FREE,0.00,,DAILY,,,,0.6318727500544004,0
https://avg88.com,AVG88 (AUD),166490,DAILY APP FREE CREDIT,,5.00,5.0,388,10,0.00,,"{""mobileAppOnly"":""1"",""changeGameId"":1,""displayDescriptionOnly"":""1"",""displayAngpaoText"":""1"",""creditLessThan"":0.1,""walletId"":1}",FREE,0.00,,DAILY,,,,0.17357872757482712,0
https://avg88.com,AVG88 (AUD),142140,SHARE BONUS,,36,36.0,720,20,0.00,,"{""customBonus"":""sharebonus"",""creditLessThan"":0.5,""minCount"":1,""displayDescriptionOnly"":""1"",""startDate"":""2023-09-13"",""displayAngpaoText"":""1"",""walletId"":1}",CUSTOM,0.00,,DAILY,,,,1.3642146267088628,0
https://cashnet99.com,CASHNET,13386,<b>Hours Free Spin<b>,,0.10,0.1,50,30,0.00,,"{""freeRoundAPI"":{""site"":""BNG2"",""params"":{""campaign"":""BNG free spin"",""total_rounds"":5,""game_id"":""377"",""bonus_type"":""FIXED_FREEBET"",""total_bet"":0.2,""round_bet"":0.2}},""displayDescriptionOnly"":""1"",""creditLessThan"":""0.01"",""displayAngpaoText"":""0"",""walletId"":1,""changeGameId"":1,""fixRT"":1}",FREE,0.00,,HOURLY,,,,0.021127165223361458,0
https://cashnet99.com,CASHNET,266826,<b>APP Daily Free Spin<b>,,0.10,0.1,100,30,0.00,,"{""freeRoundAPI"":{""site"":""BNG2"",""params"":{""campaign"":""BNG free spin"",""total_rounds"":20,""game_id"":""377"",""bonus_type"":""FIXED_FREEBET"",""total_bet"":0.2,""round_bet"":0.2}},""displayDescriptionOnly"":""1"",""creditLessThan"":""0.01"",""displayAngpaoText"":""0"",""walletId"":1,""changeGameId"":1,""fixRT"":1,""mobileAppOnly"":""1""}",FREE,0.00,,DAILY,,,,0.008882878750398795,0
https://clubimperioaus.com,Club Imperio Aus,60807,<b>365Days FreeBonus</b>,,1.00,1.0,138,20,0.00,,"{""creditLessThan"":0.5,""mobileAppOnly"":""0"",""displayDescriptionOnly"":""1""}",FREE,0.00,,DAILY,,,,0.09845439717382848,0
https://epicpokies.com,EPICPOKIES,761421,<b> DAILY SOCIAL FREE<b>,,100.00,100.0,10000,108,0.00,,"{""displayAngpaoText"":""1"",""displayDescriptionOnly"":""1"",""creditLessThan"":0.1,""registerDate"":""2024-01-01"",""mobileAppOnly"":""0"",""mustJoinTelegramChannel"":""epicpokiesofficial"",""walletId"":1,""changeGameId"":1}",FREE,0.00,,DAILY,,,,0.299825272934518,0
https://enjoy2aus.com,Enjoy2AUS,49995,<b>Daily Free Chip</b>,,0.00,1.0,150,20,0.00,,"{""displayAngpaoText"":""1"",""displayDescriptionOnly"":""1"",""creditLessThan"":0.1,""mobileAppOnly"":""0""}",FREE,0.00,1,DAILY,,,,0.08870945305239049,0
https://fc8au.com,FC8AU,243987,LUCKY DAILY WIN FREE,,500.00,500.0,10000,10,0.00,,"{""displayDescriptionOnly"":""1"",""creditLessThan"":0.1,""walletId"":1,""changeGameId"":1}",FREE,0.00,,DAILY,,,,1.2595888978752612,0
https://gembetaus.com,GEM9BET,163051,Daily Login Free,,1.99,1.99,199,20,0.00,,"{""creditLessThan"":0.01,""mobileAppOnly"":""0"",""displayAngpaoText"":""1"",""displayDescriptionOnly"":""1"",""startDate"":""2024-05-03"",""walletId"":1,""changeGameId"":1}",FREE,0.00,,DAILY,,,,0.15211115876905285,0
https://decho34.com,Decho34,795238,"<b style=""colour:white"">APP Free (Convert Deposit)",,10.00,10.0,390,21,0.00,,"{""creditLessThan"":0.01,""displayDescriptionOnly"":""1"",""mobileAppOnly"":""1"",""walletId"":1,""changeGameId"":1}",FREE,0.00,,DAILY,,,,0.5528608168460024,0
https://decho34.com,Decho34,198019,"<b style=""colour:white"">Daily Free",,6.00,6.0,390,25,0.00,,"{""creditLessThan"":0.01,""displayDescriptionOnly"":""1"",""mobileAppOnly"":""0"",""walletId"":1,""changeGameId"":1}",FREE,0.00,,DAILY,,,,0.29772725081127055,0
https://mrpokies77.com,MR.POKIES77,215809,<b>Monday</b>,,10.00,10.0,1000,20.15,0.00,,"{""claimTime"":""N=1"",""creditLessThan"":0.01,""mobileAppOnly"":""1"",""walletId"":1,""changeGameId"":1,""displayDescriptionOnly"":""1""}",FREE,0.00,,WEEKLY,,,,0.1682189374487242,0
https://luckymate88.com,Luckymate88,720141,Daily Free $5,,5.00,5.0,100,3.99,0.00,,"{""creditLessThan"":0.1,""mobileAppOnly"":""0"",""displayDescriptionOnly"":""1"",""displayAngpaoText"":""1"",""changeGameId"":1,""walletId"":1}",FREE,0.00,,DAILY,,,,0.6336356620086705,0
https://luckymate88.com,Luckymate88,720142,(Download APP) Free $10,,10.00,10.0,150,3.99,0.00,,"{""creditLessThan"":0.1,""mobileAppOnly"":""1"",""displayDescriptionOnly"":""1"",""displayAngpaoText"":""1"",""changeGameId"":1,""walletId"":1}",FREE,0.00,,WEEKLY,,,,0.9492075683724848,0
https://penguin88.club,PENGUIN88,129048,<b>Daily Free 365Days</b>,,10.00,10.0,555,23,0.00,,"{""walletId"":1,""changeGameId"":1,""creditLessThan"":0.1,""displayDescriptionOnly"":""1"",""registerDate"":""2023-10-01""}",FREE,0.00,,DAILY,,,,0.36570981837787514,0
https://penguin88.club,PENGUIN88,129046,<b>SHARE BONUS</b>,,1,1.0,15,20,0.00,,"{""customBonus"":""sharebonus"",""creditLessThan"":1,""startDate"":""2024-02-01"",""walletId"":1,""changeGameId"":1}",CUSTOM,0.00,,,,,,1.577501938388805,0
https://penguin88.club,PENGUIN88,140065,<b>Download APP</b>,,8.00,8.0,300,20,0.00,,"{""walletId"":1,""changeGameId"":1,""creditLessThan"":""0.10"",""mobileAppOnly"":""1"",""displayDescriptionOnly"":""1"",""displayAngpaoText"":""1""}",FREE,0.00,,,,,,0.563652124200173,0
https://pokiesbillion.com,POKIESBILLION,241382,<b>Download PokiesBillion APK</b>,,20.00,20.0,450,10,0.00,,"{""creditLessThan"":0.1,""displayDescriptionOnly"":""1"",""registerDate"":""2024-06-17"",""walletId"":1,""changeGameId"":1,""mobileAppOnly"":""1"",""displayAngpaoText"":""1""}",FREE,0.00,,DAILY,,,,0.8926396100823013,0
https://pokiesbillion.com,POKIESBILLION,786911,<b>✅Hourly Free,,3.00,3.0,100,3,0.00,,"{""creditLessThan"":0.1,""walletId"":1,""changeGameld"":1,""displayAngpaoText"":""1"",""displayDescriptionOnly"":""1""}",FREE,0.00,,HOURLY,,,,0.2797752645108979,0
https://pokiesbillion.com,POKIESBILLION,802814,<b>Restore Maintenance Bonus</b>,,8.00,8.0,450,10,0.00,,"{""displayDescriptionOnly"":""1"",""walletId"":1,""changeGameId"":1}",FREE,0.00,,,,,,0.2674287575537815,0
https://pokiesbillion.com,POKIESBILLION,236699,<b>Free All Slot 365Days,,3.00,3.0,150,10,0.00,,"{""creditLessThan"":0.1,""displayDescriptionOnly"":""1"",""displayAngpaoText"":""1""}",FREE,0.00,,DAILY,,,,0.2915211013307543,0
https://pokiesbillion.com,POKIESBILLION,838022,<b>▶️Billion Appreciate 1</b>,,38.00,38.0,500,10,0.00,,"{""creditLessThan"":0.1,""displayDescriptionOnly"":""1"",""walletId"":1,""changeGameId"":1,""displayAngpaoText"":""1""}",FREE,0.00,,WEEKLY,,,,1.8197314677822884,0
https://vvip15au.com,VVIP15 Australia Online Casino,186269,<b>DOWNLOAD APPS BONUS</b>,,15.55,15.55,311,20,0.00,,"{""creditLessThan"":1,""displayDescriptionOnly"":""1"",""mobileAppOnly"":""1"",""walletId"":1,""changeGameId"":1,""displayAngpaoText"":""0""}",FREE,0.00,,,,,,1.2916435191820996,0
https://i8au.online,I8AU,153333,Daily Login Free,,3.80,3.8,400,20,0.00,,"{""creditLessThan"":0.1,""displayDescriptionOnly"":""1""}",FREE,0.00,,DAILY,,,,0.14802035826969753,0
https://lion88.website,LION88,157854,<b>Download App Bonus</b>,,5.00,5.0,300,20,0.00,,"{""walletId"":1,""changeGameId"":1,""displayDescriptionOnly"":""1"",""displayAngpaoText"":""1"",""mobileAppOnly"":""1""}",FREE,0.00,,,,,,0.30396498381466175,0
https://dolphin88.co,Dolphin88,767719,<b>365 Daily App Bonus</b>,,40.88,40.88,1588,8.8,0.00,,"{""creditLessThan"":""0.10"",""mobileAppOnly"":""1"",""displayDescriptionOnly"":""1"",""walletId"":1,""changeGameId"":1}",FREE,0.00,,DAILY,,,,0.44968462803958664,0
https://dolphin88.co,Dolphin88,829749,<B>EXCLUSIVE BONUS</B>,,50.00,50.0,300,10,0.00,,"{""fixRT"":1,""creditLessThan"":0.1,""displayDescriptionOnly"":""0"",""changeGameId"":1,""walletId"":1,""registerBeforeDate"":""2026-06-15""}",FREE,0.00,,DAILY,,,,4.942092937949541,0
https://dolphin88.co,Dolphin88,145970,<b>Daily Free $38.88 </b>,,38.88,38.88,1088,8.8,0.00,,"{""walletId"":1,""changeGameId"":1,""creditLessThan"":0.1,""displayDescriptionOnly"":""1""}",FREE,0.00,,DAILY,,,,0.6753956605166789,0
https://pokies7bet.com,Pokies7bet,139882,<b>365ᴅᴀʏꜱ ꜰʀᴇᴇ ᴄʀᴇᴅɪᴛ</b>,,6.88,6.88,280,27,0.00,,"{""creditLessThan"":1,""displayAngpaoText"":""1"",""displayDescriptionOnly"":""1"",""walletId"":1,""changeGameId"":1}",FREE,0.00,,DAILY,,,,0.5515316312204653,0
https://play99au.com,Play99 Aus Online Pokies,176401,<b>IOS & ANDROID APPS BONUS</b>,,18.00,18.0,388,18,0.00,,"{""creditLessThan"":1,""displayDescriptionOnly"":""1"",""mobileAppOnly"":""1"",""walletId"":1,""changeGameId"":1,""displayAngpaoText"":""0""}",FREE,0.00,,,,,,1.1485013436929892,0
https://top1cas.com,AUSBET96 GAMING & Pokies Hub,483401,"<b style=""color:#bf77f6;"">NEW FREEBIE WARM-UP</b>",,89.98,89.98,1088,18,0.00,,"{""creditLessThan"":""1"",""displayDescriptionOnly"":""1"",""mobileAppOnly"":""1"",""displayAngpaoText"":""1"",""walletId"":1,""changeGameId"":1}",FREE,0.00,,,,,,2.6220859419551763,0
https://u88aud.com,U88AUD,25859,<b>Daily Free Credit<b>,,5.00,5.0,50,0.05,0.00,,"{""displayDescriptionOnly"":""1"",""displayAngpaoText"":""1"",""creditLessThan"":0.1,""walletId"":1,""changeGameId"":1}",FREE,0.00,,DAILY,,,,0.04574311333452862,0
https://thepokies96.com,ThePokies96,,VIP Weekly Rebate,REBATE,,0.11,,3000,,,,,,,,,,,7.3839367234923445,0
https://mcdollar9.com,McDollar9 (AUD),808704,NEW GAME $10 FREEPLAY + MINIGAME FREEPLAY,,10.00,10.0,199,20,0.00,,"{""creditLessThan"":1,""displayAngpaoText"":""0"",""walletId"":1,""changeGameId"":1,""displayDescriptionOnly"":""1"",""mobileAppOnly"":""1""}",FREE,0.00,,,,,,1.2626832912521337,0
https://spincrown33.com,SpinCrown33,839858,<b>Telegram Free </b>,,17.77,17.77,1777,30,0.00,,"{""displayAngpaoText"":""1"",""displayDescriptionOnly"":""1"",""creditLessThan"":0.1,""mustJoinTelegramChannel"":""spincrown3officialchannel"",""changeGameId"":1,""walletId"":1}",FREE,0.00,,DAILY,,,,0.1965670120890628,0
https://sapphireaud.com,SAPPHIRE,839436,<b>Hourly Free</b>,,7.77,7.77,1010,10,0.00,,"{""displayDescriptionOnly"":""1"",""displayAngpaoText"":""1"",""walletId"":1,""changeGameld"":1,""creditLessThan"":0.1,""resetHour"":1}",FREE,0.00,,HOURLY,,,,0.09368390887022404,0
https://prime96.com,Prime96 (AUD),,COMMISSION,COMMISSION,,1.0,2.00,600,,,,,,,,,,,41.14924957831816,0
https://rolex9.net,Rolex9,751797,Apps Daily Free,,20.00,20.0,300,10,0.00,,"{""creditLessThan"":1,""displayDescriptionOnly"":""1"",""mobileAppOnly"":""1"",""displayAngpaoText"":""1""}",FREE,0.00,,DAILY,,,,1.4818021759296418,0
https://onya88.com,ONYA88,181325,DOWNLOAD APP,,18.88,18.88,888,10,888.00,,"{""creditLessThan"":0.1,""displayDescriptionOnly"":""1"",""walletId"":1,""changeGameId"":1,""mobileAppOnly"":""1""}",FREE,0.00,,,,,,0.0001980131597355911,0
https://onya88.com,ONYA88,168312,365 FREE,,10.00,10.0,200,10,200.00,,"{""creditLessThan"":0.1,""displayDescriptionOnly"":""1"",""walletId"":1,""changeGameId"":1}",FREE,0.00,,DAILY,,,,0.005052329097779614,0
https://mrwin9au.com,MrWin9,88402,MY VERY FIRST FREE CREDIT AU$ 9.99,,9.99,9.99,129.99,30,0.00,,"{""displayDescriptionOnly"":""1"",""mobileAppOnly"":""0""}",FREE,0.00,,,,,,2.4220399798599614,0
https://supremepokies.icu,SUPREMEPOKIES,467021,<b>FREE 365 BONUS<b>,,40.00,40.0,4800,90,0.00,,"{""creditLessThan"":1,""displayDescriptionOnly"":""1"",""displayAngpaoText"":""1"",""changeGameId"":1,""walletId"":1}",FREE,0.00,,DAILY,,,,0.21670633422441268,0
https://supremepokies.icu,SUPREMEPOKIES,765958,<b> DAILY SOCIAL FREE<b>,,10.00,10.0,1000,80,0.00,,"{""displayAngpaoText"":""1"",""displayDescriptionOnly"":""1"",""creditLessThan"":0.1,""registerDate"":""2024-01-01"",""mobileAppOnly"":""0"",""mustJoinTelegramChannel"":""supremepokies"",""walletId"":1,""changeGameId"":1}",FREE,0.00,,DAILY,,,,0.2422401038015625,0
https://rr4winaus.com,RR4WIN AUS,194281,<B>365 APP FREEBIES<B>,,4.44,4.44,244.44,20,0.00,,"{""displayDescriptionOnly"":""1"",""displayAngpaoText"":""1"",""creditLessThan"":0.1,""mobileAppOnly"":""1"",""changeGameId"":1,""walletId"":1}",FREE,0.00,,DAILY,,,,0.335981879559659,0
https://novabet13.com,NOVABET13,449649,App Daily Bonus,,5.00,5.0,150,20,0.00,,"{""creditLessThan"":0.5,""displayDescriptionOnly"":""1"",""walletId"":1,""changeGameId"":1,""displayAngpaoText"":""1"",""mobileAppOnly"":""1""}",FREE,0.00,,DAILY,,,,0.7229546429281655,0
https://okvip7.net,OKVip7 (AUD),208789,<b>MOBILE APP SPECIAL</b>,,17.70,17.7,277,20,0.00,,"{""creditLessThan"":0.1,""displayDescriptionOnly"":""1"",""mobileAppOnly"":""1"",""displayAngpaoText"":""0"",""walletId"":1,""changeGameId"":1}",FREE,0.00,,,,,,1.770050541170169,0
https://okvip7.net,OKVip7 (AUD),484119,<B>TELEGRAM FREE 77</b>,,77.00,77.0,1555,20,0.00,,"{""creditLessThan"":1,""displayDescriptionOnly"":""1"",""walletId"":1,""changeGameId"":1,""mobileAppOnly"":""0"",""displayAngpaoText"":""1"",""mustJoinTelegramChannel"":""Okvip7AuGroup""}",FREE,0.00,,,,,,1.4142473008102203,0
https://we1winau.com,We1winAU,16665,<b>We1winAU Download APP Free<b>,,20.00,20.0,200,10,0.00,,"{""mobileAppOnly"":""1"",""displayAngpaoText"":""1"",""displayDescriptionOnly"":""1"",""creditLessThan"":0.1,""walletId"":1,""changeGameId"":1}",FREE,0.00,,,,,,2.4598255150108943,0
https://opalaud.com,OpalAUD,466906,<b>New Register Free,,388.00,388.0,5000,20,0.00,,"{""creditLessThan"":0.1,""registerDate"":""2025-01-01"",""walletId"":1,""changeGameld"":1,""displayDescriptionOnly"":""1"",""displayAngpaoText"":""0""}",FREE,0.00,,,,,,2.730799139913796,0
https://opalaud.com,OpalAUD,466907,<b>Daily Free AUD,,10.00,10.0,200,10,0.00,,"{""creditLessThan"":0.1,""walletId"":1,""changeGameld"":1,""displayDescriptionOnly"":""1""}",FREE,0.00,,DAILY,,,,0.9882898088054217,0
https://ves88.com,VES88,806526,FREE APP BONUS,,8.88,8.88,588,30,0.00,,"{""creditLessThan"":0.1,""displayDescriptionOnly"":""1"",""displayAngpaoText"":""1"",""mobileAppOnly"":""1"",""changeGameId"":1,""walletId"":1}",FREE,0.00,,DAILY,,,,0.31446284287044524,0
https://luck77au.com,LUCK777AU,748035,<b> Download Apps Free </b>,,20.00,20.0,500,20,0.00,,"{""creditLessThan"":0.1,""displayDescriptionOnly"":""1"",""walletId"":1,""changeGameId"":1,""mobileAppOnly"":""1""}",FREE,0.00,,DAILY,,,,0.9935008859591955,0
https://luck77au.com,LUCK777AU,745211,<b>Luck777au Giveaway</b>,,18.00,18.0,600,10,0.00,,"{""displayDescriptionOnly"":""1"",""walletId"":1,""changeGameId"":1}",FREE,0.00,,WEEKLY,,,,0.5423876032466072,0
https://cashnet99.com,CASHNET,10482,[App] Daily Free Credit,,5.00,5.0,100,30,0.00,,"{""mobileAppOnly"":""1"",""changeGameId"":1,""walletId"":1}",FREE,0.00,,DAILY,,,,1.353644485871592,0
https://aud99.com,Aud99,,Daily Bet Rebate,REBATE,,0.13,,599,,,,,,,,,,,7.280502246217325,0
https://pokies4bet.com,POKIES4BET,,COMMISSION,COMMISSION,,0.08,,,,,,,,,,,,,5.08959221154666,0
https://pokiesstation.vip,POKIESSTATION,466846,<b>DOWNLOAD APPS FREE $200<b>,,200.00,200.0,40000,156,0.00,,"{""registerDate"":""2022-01-22"",""creditLessThan"":1,""displayDescriptionOnly"":""1"",""mobileAppOnly"":""1"",""walletId"":1,""changeGameId"":1}",FREE,0.00,,DAILY,,,,0.14166356878135755,0
https://clash2win.com,CLASH2WIN,10114,<b>Daily Free Bonus</b>,,30.00,30.0,300,10,0.00,,"{""displayDescriptionOnly"":""1"",""creditLessThan"":0.1,""mobileAppOnly"":""0"",""walletId"":1,""changeGameId"":1}",FREE,0.00,,DAILY,,,,2.5256348091180696,0
https://clash2win.com,CLASH2WIN,10040,<b>Clash2Win App Bonus</b>,,30.00,30.0,300,10,0.00,,"{""creditLessThan"":0.5,""displayDescriptionOnly"":""1"",""displayAngpaoText"":""1"",""walletId"":1,""changeGameId"":1,""mobileAppOnly"":""1""}",FREE,0.00,,,,,,2.5256348091180696,0
https://richpapa8.vip,RichPapa,261188,<b>DOWNLOAD APP GIVE FREE SPIN<b>,,0.10,0.1,100,10,0.00,,"{""freeRoundAPI"":{""site"":""BNG2"",""params"":{""campaign"":""BNG free spin"",""total_rounds"":30,""game_id"":""496"",""bonus_type"":""FIXED_FREEBET"",""total_bet"":0.2,""round_bet"":0.2}},""displayDescriptionOnly"":""1"",""creditLessThan"":""0.01"",""displayAngpaoText"":""0"",""startDate"":""2026-03-23"",""walletId"":1,""changeGameId"":1,""mobileAppOnly"":""1""}",FREE,0.00,,,,,,0.006202764220146792,0
https://royalaud.com,ROYAL77,822444,<b>⭐Hourly Reward,,5.00,5.0,100,10,0.00,,"{""creditLessThan"":0.1,""displayAngpaoText"":""1"",""displayDescriptionOnly"":""1"",""changeGameId"":1,""walletId"":1}",FREE,0.00,,HOURLY,,,,0.9452270845626882,0
https://royalaud.com,ROYAL77,167842,<b>Daily Ultra Free</b>,,30.00,30.0,600,10,0.00,,"{""creditLessThan"":0.1,""walletId"":1,""changeGameId"":1,""displayDescriptionOnly"":""1""}",FREE,0.00,,DAILY,,,,1.0618986286136922,0
https://royalaud.com,ROYAL77,187441,<b>Android Download Free</b>,,10.00,10.0,600,10,0.00,,"{""creditLessThan"":0.5,""displayDescriptionOnly"":""1"",""walletId"":1,""changeGameId"":1,""mobileAppOnly"":""1""}",FREE,0.00,,DAILY,,,,0.2503126214987163,0
https://royalaud.com,ROYAL77,741875,<b>Subscribe Bonus</b>,,30.00,30.0,200,10,0.00,,"{""displayAngpaoText"":""0"",""displayDescriptionOnly"":""1"",""creditLessThan"":0.1,""mustJoinTelegramChannel"":""COMPANYSPEEDAU"",""walletId"":1,""changeGameId"":1}",FREE,0.00,,,,,,4.192611568525111,0
https://wow11.site,WOW11,715673,<b>Download App Bonus</b>,,15.00,15.0,200,15,0.00,,"{""creditLessThan"":""0.01"",""displayDescriptionOnly"":""1"",""displayAngpaoText"":""1"",""mobileAppOnly"":""1"",""walletId"":1,""changeGameId"":1}",FREE,0.00,,DAILY,,,,1.9480349948557294,0
https://wow11.site,WOW11,814539,<b>TELEGRAM EVENT</b>,,200.00,200.0,2000,15,0.00,,"{""creditLessThan"":""0.01"",""mustJoinTelegramChannel"":""wow11official"",""walletId"":1,""changeGameId"":1,""displayDescriptionOnly"":""1""}",FREE,0.00,,,,,,3.2855111592438164,0
https://pp99au.com,PP99,28753,APPS DAILY FREE,,30.00,30.0,600,20,0.00,,"{""creditLessThan"":1,""walletId"":1,""changeGameId"":1,""displayDescriptionOnly"":""1"",""displayAngpaoText"":""1"",""mobileAppOnly"":""1""}",FREE,0.00,,DAILY,,,,1.3482549626236184,0
https://aud99.live,Aud99,,Rollover Rebate,REBATE,,0.13,,,,,,,,,,,,,9.37437321113813,0
https://peakbet.co,PEAKBET,739542,No Deposit Bonus,,7.77,7.77,277,27,0.00,,"{""displayDescriptionOnly"":""1"",""walletId"":1,""changeGameId"":1,""creditLessThan"":0.1,""displayAngpaoText"":""0"",""mobileAppOnly"":""1""}",FREE,0.00,,,,,,0.6559465394293464,0
https://pokiesboss.com,POKIESBOSS,837314,SPIN FREE x10 TODAY,,0.20,0.2,100,5,0.00,,"{""startDate"":""2026-07-15"",""freeRoundAPI"":{""site"":""JILI2"",""params"":{""NumberOfRounds"":10,""BetValue"":100,""GameIds"":""103""}},""creditLessThan"":0.01,""displayDescriptionOnly"":""1"",""walletId"":1,""changeGameId"":1,""displayAngpaoText"":""1"",""mobileAppOnly"":""1""}",CUSTOM,0.00,,DAILY,30.00,99.99,,0.011106198928257307,0
https://winfortune777.com,WinFortune777,833762,Hourly Get Bonus,,7.77,7.77,377,15,0.00,,"{""depositTarget"":""2"",""depositTargetReset"":""HOURLY"",""creditLessThan"":0.1,""displayDescriptionOnly"":""1"",""displayAngpaoText"":""1"",""walletId"":1,""changeGameId"":1}",FREE,0.00,,HOURLY,,,,0.3712746294200551,0
https://winshark88.com,WinShark88 Casino Australia,734287,<b>iOS & Android App Bonus</b>,,68.00,68.0,1368,20,0.00,,"{""creditLessThan"":1,""displayDescriptionOnly"":""1"",""mobileAppOnly"":""1"",""walletId"":1,""changeGameId"":1}",FREE,0.00,,,,,,1.410052404106447,0
https://winshark88.com,WinShark88 Casino Australia,803293,<b>UUslot Spin</b>,,18.00,18.0,520,20,0.00,,"{""creditLessThan"":1,""startDate"":""2026-4-6"",""displayDescriptionOnly"":""1"",""walletId"":1,""changeGameId"":1}",FREE,0.00,,WEEKLY,,,,0.8235379287825826,0
https://spaceman369.com,SPACEMAN369,701378,<b>Welcome Back▶️</b>,,28.00,28.0,600,20,0.00,,"{""creditLessThan"":0.5,""displayAngpaoText"":""1"",""displayDescriptionOnly"":""1"",""walletId"":1,""changeGameld"":1}",FREE,0.00,,WEEKLY,,,,1.231334055770084,0
https://spaceman369.com,SPACEMAN369,199141,<b>Download Apps Spaceman369</b>,,20.00,20.0,500,5,0.00,,"{""creditLessThan"":0.5,""displayDescriptionOnly"":""1"",""walletId"":1,""changeGameId"":1,""mobileAppOnly"":""1""}",FREE,0.00,,DAILY,,,,0.5846942029551774,0
https://spaceman369.com,SPACEMAN369,130912,<B>Lucky Box Bonus</b>,,10.00,10.0,600,20,0.00,,"{""fixRT"":1,""creditLessThan"":0.1,""walletId"":1,""changeGameld"":1,""displayDescriptionOnly"":""1""}",FREE,0.00,,DAILY,,,,0.3178130426475439,0
https://bizzo88.com,BIZZO88,460876,App Download,,18.88,18.88,488,18,0.00,,"{""creditLessThan"":0.1,""displayDescriptionOnly"":""1"",""walletId"":1,""changeGameId"":1,""mobileAppOnly"":""1""}",FREE,0.00,,,,,,0.9181553535791852,0
https://bondi333.com,BONDI333,806527,<b>Daily Free $30</b>,,30.00,30.0,1500,20,0.00,,"{""creditLessThan"":0.1,""displayDescriptionOnly"":""1"",""walletId"":1,""changeGameId"":1,""displayAngpaoText"":""0""}",FREE,0.00,,DAILY,,,,0.4288910826757911,0
https://le88win.com,LEBET88 AUSTRALIA,482326,365 DAYS APP FREE,,188.00,188.0,1888,20,0.00,,"{""mobileAppOnly"":""1"",""creditLessThan"":0.1,""displayAngpaoText"":""1"",""walletId"":1,""changeGameId"":1,""displayDescriptionOnly"":""1""}",FREE,0.00,,DAILY,,,,3.575516543537895,0
https://betus10.co,BETUS10,218263,<b>Only Fan</b>,,25.00,25.0,588,10,0.00,,"{""maxRoundTargetAll"":1,""displayDescriptionOnly"":""1"",""creditLessThan"":0.1,""changeGameId"":1,""walletId"":1}",FREE,0.00,,DAILY,,,,0.8569055501602869,0
https://betus10.co,BETUS10,845249,<b>Maintenance Bonus</b>,,39.00,39.0,500,15,0.00,,"{""creditLessThan"":0.1,""displayDescriptionOnly"":""1"",""changeGameId"":1,""walletId"":1}",FREE,0.00,,,,,,2.177146765862902,0
https://okwin33.com,OKWIN33,845640,<b>NEW IOS & ANDROID APPS BONUS</b>,,26.00,26.0,468,26,0.00,,"{""creditLessThan"":1,""displayDescriptionOnly"":""1"",""mobileAppOnly"":""1"",""walletId"":1,""changeGameId"":1,""displayAngpaoText"":""1""}",FREE,0.00,,,,,,1.649615333921214,1
https://hb88aus.net,HB88 PayID Casino Australia,86345,<b>New Member Bonus</b>,,38.00,38.0,388,20,0.00,,"{""creditLessThan"":1,""displayDescriptionOnly"":""1"",""registerDate"":""2023-09-23"",""mobileAppOnly"":""0"",""walletId"":1,""changeGameId"":1,""displayAngpaoText"":""0""}",FREE,0.00,,,,,,3.1722625280912125,1
https://hb88aus.net,HB88 PayID Casino Australia,845356,<b>NEW IOS & ANDROID APPS BONUS</b>,,28.00,28.0,488,28,0.00,,"{""creditLessThan"":1,""displayDescriptionOnly"":""1"",""mobileAppOnly"":""1"",""walletId"":1,""changeGameId"":1,""displayAngpaoText"":""0""}",FREE,0.00,,,,,,1.7632028131881978,1
https://rooroomate.com,RooRooMate,757329,"<b style=""color:gold;"">NEW/OLD MEMBER</b>",,10.00,10.0,70,20,0.00,,"{""creditLessThan"":0.1,""displayDescriptionOnly"":""1"",""displayAngpaoText"":""1"",""mobileAppOnly"":""1""}",FREE,0.00,,,,,,4.661097946223803,1
https://opalaud.com,OpalAUD,466923,<b>Apps Daily Free,,7.77,7.77,77.7,10,0.00,,"{""creditLessThan"":0.1,""displayDescriptionOnly"":""1"",""mobileAppOnly"":""1"",""displayAngpaoText"":""1"",""changeGameId"":1,""walletId"":1}",FREE,0.00,,DAILY,,,,2.312280127270784,1
https://pokieskingdom.icu,POKIESKINGDOM,463535,<b>APPS DOWNLOAD FREE BONUS<b>,,50.00,50.0,10000,100,0.00,,"{""displayDescriptionOnly"":""1"",""displayAngpaoText"":""1"",""creditLessThan"":1,""walletId"":1,""changeGameId"":1,""mobileAppOnly"":""1""}",FREE,0.00,,DAILY,,,,0.11875866626276997,1
https://betclub11.online,BETCLUB11,755040,<b>TELEGRAM EVENT</b>,,18.00,18.0,250,15,0.00,,"{""mustJoinTelegramChannel"":""betclub11official"",""creditLessThan"":""0.1"",""walletId"":1,""changeGameId"":1,""displayDescriptionOnly"":""1"",""mobileAppOnly"":""0""}",FREE,0.00,,DAILY,,,,1.8733936670299267,1
